ファイル名,カード利用
250410230509304.JPG,あり
250410230900179.JPG,あり
250309204931373.JPG,あり
250410230935077.JPG,あり
250410230626348.JPG,あり
250410230657942.JPG,あり
250410230520019.JPG,あり
250410230757563.JPG,あり
250410231251635.JPG,なし
250410230416343.JPG,なし
250410230746719.JPG,なし
250410230949609.JPG,なし
250410231636909.JPG,なし
250410230853123.JPG,なし
250410231000992.JPG,なし
250410230914095.JPG,なし
250410231646778.JPG,なし
250410230819766.JPG,なし
250309204904938.JPG,あり
250410230608689.JPG,あり
250410231115152.JPG,あり
250410230646621.JPG,あり
250410231022821.JPG,あり
250410230807107.JPG,なし
250410231103352.JPG,なし
250410230820619.JPG,なし
250410231631024.JPG,なし
250410123534437.JPG,なし
250410230813414.JPG,なし
250309204850667.JPG,あり
250410231056436.JPG,あり
250410231621185.JPG,あり
250410230437852.JPG,あり
250410230515007.JPG,あり
250410232210601.JPG,あり
250410230848199.JPG,なし
250410231042121.JPG,なし
250410231133662.JPG,なし
250410230929178.JPG,なし
250410231642837.JPG,なし
250410231627513.JPG,なし
250410230631702.JPG,あり
250309204915079.JPG,あり
250410230534943.JPG,あり
250410230430847.JPG,あり
250410230453675.JPG,あり
250410230736451.JPG,あり
250314213251516.JPG,なし
250410231124496.JPG,なし
250411091431158.JPG,なし
250410230406845.JPG,なし
250309204949310.JPG,あり
250410230459561.JPG,あり
250410231154117.JPG,あり
250410230737677.JPG,あり
250410230825483.JPG,あり
250410230653656.JPG,なし
250309204959165.JPG,なし
250410230452056.JPG,なし
250410231057609.JPG,なし
250410230918688.JPG,なし
250410231109207.JPG,なし
250410230529182.JPG,あり
250410230830701.JPG,あり
250410230715761.JPG,あり
250309205325340.JPG,あり
250410230842185.JPG,あり
250410230728744.JPG,なし
250410230614678.JPG,なし
250410231044467.JPG,なし
250410230924161.JPG,なし
250410230424477.JPG,なし
250410230540325.JPG,なし
250309204942554.JPG,なし 